date,tweets
2016-01-01,25.0
2016-01-02,44.0
2016-01-03,43.0
2016-01-04,52.0
2016-01-05,68.0
2016-01-06,49.0
2016-01-07,53.0
2016-01-08,69.0
2016-01-09,33.0
2016-01-10,40.0
2016-01-11,48.0
2016-01-12,55.0
2016-01-13,60.0
2016-01-14,61.0
2016-01-15,39.0
2016-01-16,37.0
2016-01-17,35.0
2016-01-18,38.0
2016-01-19,49.0
2016-01-20,40.0
2016-01-21,69.0
2016-01-22,40.0
2016-01-23,51.0
2016-01-24,44.0
2016-01-25,30.0
2016-01-26,36.0
2016-01-27,45.0
2016-01-28,57.0
2016-01-29,46.0
2016-01-30,46.0
2016-01-31,16.0
2016-02-01,24.0
2016-02-02,51.0
2016-02-03,48.0
2016-02-04,55.0
2016-02-05,59.0
2016-02-06,33.0
2016-02-07,36.0
2016-02-08,83.0
2016-02-09,58.0
2016-02-10,49.0
2016-02-11,46.0
2016-02-12,50.0
2016-02-13,45.0
2016-02-14,53.0
2016-02-15,39.0
2016-02-16,60.0
2016-02-17,56.0
2016-02-18,42.0
2016-02-19,51.0
2016-02-20,55.0
2016-02-21,41.0
2016-02-22,46.0
2016-02-23,55.0
2016-02-24,29.0
2016-02-25,60.0
2016-02-26,48.0
2016-02-27,58.0
2016-02-28,56.0
2016-02-29,19.0
2016-03-01,19.0
2016-03-02,51.0
2016-03-03,61.0
2016-03-04,49.0
2016-03-05,34.0
2016-03-06,42.0
2016-03-07,42.0
2016-03-08,53.0
2016-03-09,49.0
2016-03-10,46.0
2016-03-11,50.0
2016-03-12,52.0
2016-03-13,50.0
2016-03-14,51.0
2016-03-15,42.0
2016-03-16,32.0
2016-03-17,50.0
2016-03-18,65.0
2016-03-19,44.0
2016-03-20,52.0
2016-03-21,57.0
2016-03-22,40.0
2016-03-23,39.0
2016-03-24,52.0
2016-03-25,42.0
2016-03-26,37.0
2016-03-27,46.0
2016-03-28,48.0
2016-03-29,39.0
2016-03-30,56.0
2016-03-31,24.0
2016-04-01,29.0
2016-04-02,50.0
2016-04-03,44.0
2016-04-04,46.0
2016-04-05,45.0
2016-04-06,47.0
2016-04-07,55.0
2016-04-08,44.0
2016-04-09,47.0
2016-04-10,44.0
2016-04-11,37.0
2016-04-12,53.0
2016-04-13,55.0
2016-04-14,47.0
2016-04-15,45.0
2016-04-16,39.0
2016-04-17,49.0
2016-04-18,39.0
2016-04-19,46.0
2016-04-20,44.0
2016-04-21,43.0
2016-04-22,47.0
2016-04-23,42.0
2016-04-24,32.0
2016-04-25,36.0
2016-04-26,43.0
2016-04-27,58.0
2016-04-28,47.0
2016-04-29,39.0
2016-04-30,19.0
2016-05-01,14.0
2016-05-02,46.0
2016-05-03,84.0
2016-05-04,45.0
2016-05-05,134.0
2016-05-06,207.0
2016-05-07,116.0
2016-05-08,111.0
2016-05-09,185.0
2016-05-10,376.0
2016-05-11,466.0
2016-05-12,261.0
2016-05-13,263.0
2016-05-14,238.0
2016-05-15,162.0
2016-05-16,151.0
2016-05-17,153.0
2016-05-18,128.0
2016-05-19,110.0
2016-05-20,100.0
2016-05-21,84.0
2016-05-22,79.0
2016-05-23,91.0
2016-05-24,102.0
2016-05-25,128.0
2016-05-26,100.0
2016-05-27,93.0
2016-05-28,80.0
2016-05-29,83.0
2016-05-30,79.0
2016-05-31,28.0
2016-06-01,60.0
2016-06-02,78.0
2016-06-03,84.0
2016-06-04,70.0
2016-06-05,77.0
2016-06-06,81.0
2016-06-07,102.0
2016-06-08,93.0
2016-06-09,88.0
2016-06-10,93.0
2016-06-11,101.0
2016-06-12,68.0
2016-06-13,70.0
2016-06-14,79.0
2016-06-15,84.0
2016-06-16,80.0
2016-06-17,89.0
2016-06-18,77.0
2016-06-19,59.0
2016-06-20,66.0
2016-06-21,83.0
2016-06-22,84.0
2016-06-23,63.0
2016-06-24,73.0
2016-06-25,75.0
2016-06-26,79.0
2016-06-27,75.0
2016-06-28,65.0
2016-06-29,69.0
2016-06-30,31.0
2016-07-01,43.0
2016-07-02,71.0
2016-07-03,35.0
2016-07-04,55.0
2016-07-05,77.0
2016-07-06,85.0
2016-07-07,68.0
2016-07-08,57.0
2016-07-09,84.0
2016-07-10,52.0
2016-07-11,63.0
2016-07-12,84.0
2016-07-13,73.0
2016-07-14,64.0
2016-07-15,69.0
2016-07-16,66.0
2016-07-17,57.0
2016-07-18,67.0
2016-07-19,85.0
2016-07-20,64.0
2016-07-21,74.0
2016-07-22,68.0
2016-07-23,55.0
2016-07-24,57.0
2016-07-25,71.0
2016-07-26,106.0
2016-07-27,93.0
2016-07-28,108.0
2016-07-29,108.0
2016-07-30,60.0
2016-07-31,23.0
2016-08-01,44.0
2016-08-02,81.0
2016-08-03,72.0
2016-08-04,83.0
2016-08-05,69.0
2016-08-06,72.0
2016-08-07,65.0
2016-08-08,71.0
2016-08-09,72.0
2016-08-10,65.0
2016-08-11,68.0
2016-08-12,65.0
2016-08-13,53.0
2016-08-14,57.0
2016-08-15,59.0
2016-08-16,71.0
2016-08-17,61.0
2016-08-18,50.0
2016-08-19,64.0
2016-08-20,88.0
2016-08-21,65.0
2016-08-22,56.0
2016-08-23,65.0
2016-08-24,66.0
2016-08-25,69.0
2016-08-26,55.0
2016-08-27,71.0
2016-08-28,61.0
2016-08-29,59.0
2016-08-30,66.0
2016-08-31,29.0
2016-09-01,36.0
2016-09-02,58.0
2016-09-03,61.0
2016-09-04,51.0
2016-09-05,58.0
2016-09-06,88.0
2016-09-07,92.0
2016-09-08,84.0
2016-09-09,75.0
2016-09-10,56.0
2016-09-11,51.0
2016-09-12,77.0
2016-09-13,51.0
2016-09-14,57.0
2016-09-15,66.0
2016-09-16,83.0
2016-09-17,59.0
2016-09-18,47.0
2016-09-19,73.0
2016-09-20,68.0
2016-09-21,47.0
2016-09-22,51.0
2016-09-23,66.0
2016-09-24,62.0
2016-09-25,56.0
2016-09-26,57.0
2016-09-27,98.0
2016-09-28,80.0
2016-09-29,55.0
2016-09-30,22.0
2016-10-01,25.0
2016-10-02,43.0
2016-10-03,57.0
2016-10-04,60.0
2016-10-05,68.0
2016-10-06,41.0
2016-10-07,63.0
2016-10-08,61.0
2016-10-09,77.0
2016-10-10,100.0
2016-10-11,65.0
2016-10-12,69.0
2016-10-13,57.0
2016-10-14,71.0
2016-10-15,52.0
2016-10-16,53.0
2016-10-17,54.0
2016-10-18,56.0
2016-10-19,52.0
2016-10-20,71.0
2016-10-21,54.0
2016-10-22,52.0
2016-10-23,50.0
2016-10-24,57.0
2016-10-25,63.0
2016-10-26,61.0
2016-10-27,73.0
2016-10-28,60.0
2016-10-29,54.0
2016-10-30,41.0
2016-10-31,24.0
2016-11-01,
2016-11-02,
2016-11-03,27.0
2016-11-04,47.0
2016-11-05,60.0
2016-11-06,47.0
2016-11-07,40.0
2016-11-08,67.0
2016-11-09,126.0
2016-11-10,57.0
2016-11-11,53.0
2016-11-12,54.0
2016-11-13,48.0
2016-11-14,54.0
2016-11-15,57.0
2016-11-16,59.0
2016-11-17,63.0
2016-11-18,54.0
2016-11-19,64.0
2016-11-20,53.0
2016-11-21,56.0
2016-11-22,68.0
2016-11-23,47.0
2016-11-24,35.0
2016-11-25,25.0
2016-11-26,26.0
2016-11-27,31.0
2016-11-28,33.0
2016-11-29,47.0
2016-11-30,24.0
2016-12-01,
2016-12-02,161.0
2016-12-03,68.0
2016-12-04,43.0
2016-12-05,36.0
2016-12-06,44.0
2016-12-07,43.0
2016-12-08,50.0
2016-12-09,50.0
2016-12-10,27.0
2016-12-11,38.0
2016-12-12,44.0
2016-12-13,36.0
2016-12-14,29.0
2016-12-15,30.0
2016-12-16,31.0
2016-12-17,26.0
2016-12-18,30.0
2016-12-19,31.0
2016-12-20,36.0
2016-12-21,31.0
2016-12-22,40.0
2016-12-23,32.0
2016-12-24,38.0
2016-12-25,31.0
2016-12-26,32.0
2016-12-27,31.0
2016-12-28,35.0
2016-12-29,43.0
2016-12-30,35.0
2016-12-31,22.0
2017-01-01,25.0
2017-01-02,42.0
2017-01-03,39.0
2017-01-04,40.0
2017-01-05,42.0
2017-01-06,50.0
2017-01-07,39.0
2017-01-08,33.0
2017-01-09,41.0
2017-01-10,47.0
2017-01-11,46.0
2017-01-12,35.0
2017-01-13,47.0
2017-01-14,36.0
2017-01-15,37.0
2017-01-16,39.0
2017-01-17,38.0
2017-01-18,48.0
2017-01-19,43.0
2017-01-20,41.0
2017-01-21,51.0
2017-01-22,31.0
2017-01-23,35.0
2017-01-24,36.0
2017-01-25,35.0
2017-01-26,81.0
2017-01-27,36.0
2017-01-28,42.0
2017-01-29,36.0
2017-01-30,47.0
2017-01-31,16.0
2017-02-01,
2017-02-02,
2017-02-03,
2017-02-04,
2017-02-05,
2017-02-06,
2017-02-07,
2017-02-08,
2017-02-09,
2017-02-10,
2017-02-11,
2017-02-12,
2017-02-13,
2017-02-14,
2017-02-15,
2017-02-16,
2017-02-17,
2017-02-18,
2017-02-19,
2017-02-20,
2017-02-21,
2017-02-22,
2017-02-23,
2017-02-24,
2017-02-25,
2017-02-26,104.0
2017-02-27,372.0
2017-02-28,24.0
2017-03-01,
2017-03-02,
2017-03-03,
2017-03-04,
2017-03-05,
2017-03-06,
2017-03-07,12.0
2017-03-08,52.0
2017-03-09,45.0
2017-03-10,57.0
2017-03-11,38.0
2017-03-12,56.0
2017-03-13,51.0
2017-03-14,46.0
2017-03-15,64.0
2017-03-16,47.0
2017-03-17,49.0
2017-03-18,47.0
2017-03-19,46.0
2017-03-20,43.0
2017-03-21,37.0
2017-03-22,55.0
2017-03-23,51.0
2017-03-24,45.0
2017-03-25,52.0
2017-03-26,45.0
2017-03-27,41.0
2017-03-28,38.0
2017-03-29,43.0
2017-03-30,56.0
2017-03-31,19.0
2017-04-01,25.0
2017-04-02,31.0
2017-04-03,54.0
2017-04-04,44.0
2017-04-05,47.0
2017-04-06,43.0
2017-04-07,32.0
2017-04-08,39.0
2017-04-09,40.0
2017-04-10,34.0
2017-04-11,44.0
2017-04-12,40.0
2017-04-13,40.0
2017-04-14,41.0
2017-04-15,29.0
2017-04-16,32.0
2017-04-17,34.0
2017-04-18,27.0
2017-04-19,41.0
2017-04-20,34.0
2017-04-21,36.0
2017-04-22,52.0
2017-04-23,42.0
2017-04-24,29.0
2017-04-25,38.0
2017-04-26,40.0
2017-04-27,42.0
2017-04-28,49.0
2017-04-29,40.0
2017-04-30,21.0
2017-05-01,18.0
2017-05-02,31.0
2017-05-03,40.0
2017-05-04,27.0
2017-05-05,37.0
2017-05-06,35.0
2017-05-07,34.0
2017-05-08,42.0
2017-05-09,34.0
2017-05-10,51.0
2017-05-11,39.0
2017-05-12,43.0
2017-05-13,43.0
2017-05-14,45.0
2017-05-15,42.0
2017-05-16,50.0
2017-05-17,47.0
2017-05-18,57.0
2017-05-19,42.0
2017-05-20,42.0
2017-05-21,37.0
2017-05-22,39.0
2017-05-23,44.0
2017-05-24,48.0
2017-05-25,33.0
2017-05-26,38.0
2017-05-27,38.0
2017-05-28,31.0
2017-05-29,39.0
2017-05-30,29.0
2017-05-31,13.0
2017-06-01,22.0
2017-06-02,51.0
2017-06-03,33.0
2017-06-04,31.0
2017-06-05,35.0
2017-06-06,46.0
2017-06-07,34.0
2017-06-08,41.0
2017-06-09,54.0
2017-06-10,36.0
2017-06-11,32.0
2017-06-12,39.0
2017-06-13,41.0
2017-06-14,39.0
2017-06-15,38.0
2017-06-16,50.0
2017-06-17,39.0
2017-06-18,32.0
2017-06-19,23.0
2017-06-20,34.0
2017-06-21,39.0
2017-06-22,45.0
2017-06-23,38.0
2017-06-24,34.0
2017-06-25,32.0
2017-06-26,29.0
2017-06-27,38.0
2017-06-28,28.0
2017-06-29,36.0
2017-06-30,17.0
2017-07-01,20.0
2017-07-02,26.0
2017-07-03,47.0
2017-07-04,30.0
2017-07-05,36.0
2017-07-06,32.0
2017-07-07,51.0
2017-07-08,45.0
2017-07-09,34.0
2017-07-10,31.0
2017-07-11,40.0
2017-07-12,31.0
2017-07-13,40.0
2017-07-14,36.0
2017-07-15,33.0
2017-07-16,30.0
2017-07-17,45.0
2017-07-18,34.0
2017-07-19,44.0
2017-07-20,43.0
2017-07-21,37.0
2017-07-22,35.0
2017-07-23,41.0
2017-07-24,34.0
2017-07-25,32.0
2017-07-26,49.0
2017-07-27,43.0
2017-07-28,35.0
2017-07-29,38.0
2017-07-30,28.0
2017-07-31,8.0
2017-08-01,15.0
2017-08-02,41.0
2017-08-03,38.0
2017-08-04,38.0
2017-08-05,38.0
2017-08-06,37.0
2017-08-07,35.0
2017-08-08,33.0
2017-08-09,35.0
2017-08-10,42.0
2017-08-11,53.0
2017-08-12,32.0
2017-08-13,41.0
2017-08-14,41.0
2017-08-15,45.0
2017-08-16,34.0
2017-08-17,34.0
2017-08-18,33.0
2017-08-19,39.0
2017-08-20,39.0
2017-08-21,49.0
2017-08-22,42.0
2017-08-23,47.0
2017-08-24,45.0
2017-08-25,51.0
2017-08-26,89.0
2017-08-27,216.0
2017-08-28,85.0
2017-08-29,55.0
2017-08-30,43.0
2017-08-31,21.0
2017-09-01,27.0
2017-09-02,65.0
2017-09-03,111.0
2017-09-04,33.0
2017-09-05,38.0
2017-09-06,34.0
2017-09-07,40.0
2017-09-08,42.0
2017-09-09,38.0
2017-09-10,29.0
2017-09-11,31.0
2017-09-12,40.0
2017-09-13,39.0
2017-09-14,52.0
2017-09-15,46.0
2017-09-16,45.0
2017-09-17,40.0
2017-09-18,47.0
2017-09-19,34.0
2017-09-20,33.0
2017-09-21,34.0
2017-09-22,40.0
2017-09-23,35.0
2017-09-24,27.0
2017-09-25,44.0
2017-09-26,36.0
2017-09-27,35.0
2017-09-28,37.0
2017-09-29,29.0
2017-09-30,17.0
2017-10-01,15.0
2017-10-02,42.0
2017-10-03,32.0
2017-10-04,37.0
2017-10-05,31.0
2017-10-06,34.0
2017-10-07,44.0
2017-10-08,28.0
2017-10-09,29.0
2017-10-10,89.0
2017-10-11,73.0
2017-10-12,37.0
2017-10-13,50.0
2017-10-14,36.0
2017-10-15,145.0
2017-10-16,136430.0
2017-10-17,166435.0
2017-10-18,74812.0
2017-10-19,40348.0
2017-10-20,28134.0
2017-10-21,16377.0
2017-10-22,11756.0
2017-10-23,11907.0
2017-10-24,10727.0
2017-10-25,10014.0
2017-10-26,9582.0
2017-10-27,7537.0
2017-10-28,7429.0
2017-10-29,5720.0
2017-10-30,7724.0
2017-10-31,3234.0
2017-11-01,2945.0
2017-11-02,6248.0
2017-11-03,5395.0
2017-11-04,5066.0
2017-11-05,4973.0
2017-11-06,4818.0
2017-11-07,4377.0
2017-11-08,5066.0
2017-11-09,5823.0
2017-11-10,12352.0
2017-11-11,10818.0
2017-11-12,6840.0
2017-11-13,9518.0
2017-11-14,9500.0
2017-11-15,6543.0
2017-11-16,5922.0
2017-11-17,11562.0
2017-11-18,8162.0
2017-11-19,5550.0
2017-11-20,5744.0
2017-11-21,8049.0
2017-11-22,9261.0
2017-11-23,6795.0
2017-11-24,6374.0
2017-11-25,7614.0
2017-11-26,5721.0
2017-11-27,6057.0
2017-11-28,5781.0
2017-11-29,6936.0
2017-11-30,4447.0
2017-12-01,
2017-12-02,
2017-12-03,
2017-12-04,
2017-12-05,
2017-12-06,
2017-12-07,
2017-12-08,
2017-12-09,
2017-12-10,
2017-12-11,
2017-12-12,
2017-12-13,
2017-12-14,
2017-12-15,
2017-12-16,
2017-12-17,
2017-12-18,
2017-12-19,
2017-12-20,
2017-12-21,
2017-12-22,
2017-12-23,
2017-12-24,
2017-12-25,
2017-12-26,3260.0
2017-12-27,4989.0
2017-12-28,5453.0
2017-12-29,5189.0
2017-12-30,4793.0
2017-12-31,1809.0
2018-01-01,2477.0
2018-01-02,5132.0
2018-01-03,6138.0
2018-01-04,6208.0
2018-01-05,5652.0
2018-01-06,6737.0
2018-01-07,5284.0
2018-01-08,29491.0
2018-01-09,20145.0
2018-01-10,18600.0
2018-01-11,18590.0
2018-01-12,14034.0
2018-01-13,12258.0
2018-01-14,12280.0
2018-01-15,14178.0
2018-01-16,17148.0
2018-01-17,18479.0
2018-01-18,15503.0
2018-01-19,15258.0
2018-01-20,11615.0
2018-01-21,13423.0
2018-01-22,11818.0
2018-01-23,11735.0
2018-01-24,11011.0
2018-01-25,13632.0
2018-01-26,12404.0
2018-01-27,12328.0
2018-01-28,9675.0
2018-01-29,17989.0
2018-01-30,14550.0
2018-01-31,5084.0
2018-02-01,
2018-02-02,
2018-02-03,
2018-02-04,
2018-02-05,
2018-02-06,
2018-02-07,
2018-02-08,
2018-02-09,
2018-02-10,
2018-02-11,
2018-02-12,
2018-02-13,
2018-02-14,
2018-02-15,
2018-02-16,
2018-02-17,
2018-02-18,
2018-02-19,
2018-02-20,
2018-02-21,
2018-02-22,8274.0
2018-02-23,8722.0
2018-02-24,7629.0
2018-02-25,6149.0
2018-02-26,7821.0
2018-02-27,9805.0
2018-02-28,3971.0
2018-03-01,
2018-03-02,419.0
2018-03-03,9598.0
2018-03-04,7610.0
2018-03-05,21234.0
2018-03-06,12717.0
2018-03-07,9886.0
2018-03-08,15529.0
2018-03-09,15574.0
2018-03-10,8074.0
2018-03-11,5788.0
2018-03-12,6729.0
2018-03-13,7865.0
2018-03-14,6860.0
2018-03-15,7815.0
2018-03-16,8325.0
2018-03-17,8495.0
2018-03-18,6232.0
2018-03-19,6252.0
2018-03-20,7522.0
2018-03-21,7207.0
2018-03-22,6664.0
2018-03-23,6750.0
2018-03-24,5772.0
2018-03-25,4523.0
2018-03-26,6281.0
2018-03-27,5811.0
2018-03-28,6822.0
2018-03-29,5884.0
2018-03-30,5566.0
2018-03-31,2051.0
2018-04-01,
2018-04-02,
2018-04-03,
2018-04-04,
2018-04-05,
2018-04-06,
2018-04-07,
2018-04-08,
2018-04-09,
2018-04-10,4410.0
2018-04-11,6474.0
2018-04-12,6232.0
2018-04-13,6002.0
2018-04-14,5108.0
2018-04-15,3791.0
2018-04-16,4446.0
2018-04-17,7419.0
2018-04-18,6289.0
2018-04-19,8698.0
2018-04-20,11815.0
2018-04-21,9522.0
2018-04-22,6795.0
2018-04-23,6313.0
2018-04-24,7097.0
2018-04-25,7749.0
2018-04-26,7955.0
2018-04-27,17173.0
2018-04-28,9315.0
2018-04-29,7200.0
2018-04-30,2587.0
2018-05-01,4229.0
2018-05-02,6503.0
2018-05-03,6914.0
2018-05-04,7236.0
2018-05-05,5779.0
2018-05-06,4317.0
2018-05-07,4642.0
2018-05-08,12193.0
2018-05-09,9770.0
2018-05-10,8911.0
2018-05-11,6922.0
2018-05-12,5239.0
2018-05-13,6009.0
2018-05-14,4761.0
2018-05-15,4541.0
2018-05-16,4873.0
2018-05-17,4993.0
2018-05-18,5090.0
2018-05-19,3756.0
2018-05-20,3656.0
2018-05-21,4881.0
2018-05-22,5265.0
2018-05-23,5441.0
2018-05-24,6097.0
2018-05-25,12187.0
2018-05-26,8449.0
2018-05-27,5087.0
2018-05-28,4488.0
2018-05-29,4645.0
2018-05-30,9687.0
2018-05-31,3558.0
2018-06-01,4066.0
2018-06-02,5726.0
2018-06-03,3894.0
2018-06-04,6657.0
2018-06-05,12813.0
2018-06-06,9558.0
2018-06-07,8466.0
2018-06-08,6973.0
2018-06-09,6491.0
2018-06-10,5342.0
2018-06-11,5018.0
2018-06-12,6344.0
2018-06-13,5727.0
2018-06-14,6055.0
2018-06-15,5816.0
2018-06-16,5965.0
2018-06-17,4375.0
2018-06-18,3972.0
2018-06-19,4398.0
2018-06-20,5232.0
2018-06-21,4766.0
2018-06-22,4325.0
2018-06-23,3791.0
2018-06-24,3237.0
2018-06-25,3555.0
2018-06-26,4299.0
2018-06-27,5158.0
2018-06-28,5207.0
2018-06-29,5378.0
2018-06-30,1868.0
2018-07-01,2343.0
2018-07-02,3828.0
2018-07-03,5039.0
2018-07-04,4537.0
2018-07-05,3811.0
2018-07-06,11751.0
2018-07-07,11020.0
2018-07-08,5822.0
2018-07-09,5828.0
2018-07-10,6642.0
2018-07-11,5166.0
2018-07-12,5653.0
2018-07-13,7691.0
2018-07-14,5259.0
2018-07-15,4183.0
2018-07-16,3879.0
2018-07-17,3983.0
2018-07-18,4347.0
2018-07-19,4277.0
2018-07-20,4727.0
2018-07-21,4531.0
2018-07-22,3196.0
2018-07-23,3573.0
2018-07-24,4174.0
2018-07-25,3816.0
2018-07-26,4356.0
2018-07-27,4822.0
2018-07-28,5828.0
2018-07-29,3976.0
2018-07-30,4321.0
2018-07-31,2471.0
2018-08-01,
2018-08-02,
2018-08-03,
2018-08-04,
2018-08-05,
2018-08-06,
2018-08-07,
2018-08-08,
2018-08-09,
2018-08-10,
2018-08-11,
2018-08-12,
2018-08-13,
2018-08-14,
2018-08-15,
2018-08-16,
2018-08-17,
2018-08-18,
2018-08-19,
2018-08-20,
2018-08-21,2630.0
2018-08-22,9496.0
2018-08-23,8454.0
2018-08-24,5752.0
2018-08-25,4693.0
2018-08-26,3622.0
2018-08-27,3460.0
2018-08-28,5179.0
2018-08-29,5667.0
2018-08-30,5634.0
2018-08-31,2221.0
2018-09-01,2991.0
2018-09-02,4313.0
2018-09-03,3820.0
2018-09-04,4270.0
2018-09-05,4472.0
2018-09-06,4377.0
2018-09-07,4522.0
2018-09-08,9837.0
2018-09-09,26044.0
2018-09-10,17717.0
2018-09-11,10487.0
2018-09-12,6801.0
2018-09-13,7407.0
2018-09-14,7604.0
2018-09-15,8430.0
2018-09-16,5803.0
2018-09-17,24225.0
2018-09-18,28574.0
2018-09-19,22774.0
2018-09-20,8935.0
2018-09-21,
2018-09-22,
2018-09-23,
2018-09-24,
2018-09-25,
2018-09-26,14898.0
2018-09-27,34628.0
2018-09-28,47802.0
2018-09-29,26074.0
2018-09-30,7159.0
2018-10-01,
2018-10-02,
2018-10-03,
2018-10-04,
2018-10-05,
2018-10-06,
2018-10-07,
2018-10-08,
2018-10-09,
2018-10-10,
2018-10-11,
2018-10-12,
2018-10-13,
2018-10-14,
2018-10-15,
2018-10-16,
2018-10-17,
2018-10-18,
2018-10-19,9079.0
2018-10-20,13177.0
2018-10-21,13335.0
2018-10-22,13499.0
2018-10-23,12952.0
2018-10-24,13901.0
2018-10-25,13032.0
2018-10-26,13012.0
2018-10-27,9842.0
2018-10-28,6918.0
2018-10-29,7634.0
2018-10-30,7318.0
2018-10-31,3505.0
2018-11-01,5205.0
2018-11-02,9407.0
2018-11-03,8180.0
2018-11-04,6445.0
2018-11-05,6325.0
2018-11-06,2871.0
