,date,globaltweetcount,identifiedUSTweetcount
0,2018-01-01,2477.0,444.0
1,2018-01-02,5132.0,1062.0
2,2018-01-03,6138.0,1289.0
3,2018-01-04,6208.0,1258.0
4,2018-01-05,5652.0,1210.0
5,2018-01-06,6737.0,1554.0
6,2018-01-07,5284.0,1106.0
7,2018-01-08,29491.0,7276.0
8,2018-01-09,20145.0,4272.0
9,2018-01-10,18600.0,3257.0
10,2018-01-11,18590.0,3322.0
11,2018-01-12,14034.0,2737.0
12,2018-01-13,12258.0,2283.0
13,2018-01-14,12280.0,2266.0
14,2018-01-15,14178.0,2646.0
15,2018-01-16,17148.0,3619.0
16,2018-01-17,18479.0,4156.0
17,2018-01-18,15503.0,3477.0
18,2018-01-19,15258.0,3336.0
19,2018-01-20,11615.0,2540.0
20,2018-01-21,13423.0,3057.0
21,2018-01-22,11818.0,2505.0
22,2018-01-23,11735.0,2517.0
23,2018-01-24,11011.0,2292.0
24,2018-01-25,13632.0,2962.0
25,2018-01-26,12404.0,2588.0
26,2018-01-27,12328.0,2651.0
27,2018-01-28,9675.0,1992.0
28,2018-01-29,17989.0,4065.0
29,2018-01-30,14550.0,2984.0
30,2018-01-31,5084.0,1114.0
31,2018-02-01,,
32,2018-02-02,,
33,2018-02-03,,
34,2018-02-04,,
35,2018-02-05,,
36,2018-02-06,,
37,2018-02-07,,
38,2018-02-08,,
39,2018-02-09,,
40,2018-02-10,,
41,2018-02-11,,
42,2018-02-12,,
43,2018-02-13,,
44,2018-02-14,,
45,2018-02-15,,
46,2018-02-16,,
47,2018-02-17,,
48,2018-02-18,,
49,2018-02-19,,
50,2018-02-20,,
51,2018-02-21,,
52,2018-02-22,8274.0,1633.0
53,2018-02-23,8722.0,1714.0
54,2018-02-24,7629.0,1449.0
55,2018-02-25,6149.0,1006.0
56,2018-02-26,7821.0,1465.0
57,2018-02-27,9805.0,1968.0
58,2018-02-28,3971.0,981.0
59,2018-03-01,,
60,2018-03-02,419.0,93.0
61,2018-03-03,9598.0,1810.0
62,2018-03-04,7610.0,1222.0
63,2018-03-05,21234.0,4458.0
64,2018-03-06,12717.0,2436.0
65,2018-03-07,9886.0,1746.0
66,2018-03-08,15529.0,2211.0
67,2018-03-09,15574.0,2515.0
68,2018-03-10,8074.0,1292.0
69,2018-03-11,5788.0,925.0
70,2018-03-12,6729.0,1148.0
71,2018-03-13,7865.0,1575.0
72,2018-03-14,6860.0,1288.0
73,2018-03-15,7815.0,1424.0
74,2018-03-16,8325.0,1686.0
75,2018-03-17,8495.0,1646.0
76,2018-03-18,6232.0,1171.0
77,2018-03-19,6252.0,986.0
78,2018-03-20,7522.0,1565.0
79,2018-03-21,7207.0,1438.0
80,2018-03-22,6664.0,1516.0
81,2018-03-23,6750.0,1425.0
82,2018-03-24,5772.0,1072.0
83,2018-03-25,4523.0,810.0
84,2018-03-26,6281.0,1276.0
85,2018-03-27,5811.0,1297.0
86,2018-03-28,6822.0,1449.0
87,2018-03-29,5884.0,1222.0
88,2018-03-30,5566.0,1148.0
89,2018-03-31,2051.0,512.0
90,2018-04-01,,
91,2018-04-02,,
92,2018-04-03,,
93,2018-04-04,,
94,2018-04-05,,
95,2018-04-06,,
96,2018-04-07,,
97,2018-04-08,,
98,2018-04-09,,
99,2018-04-10,4410.0,784.0
100,2018-04-11,6474.0,1395.0
101,2018-04-12,6232.0,1208.0
102,2018-04-13,6002.0,1197.0
103,2018-04-14,5108.0,1012.0
104,2018-04-15,3791.0,639.0
105,2018-04-16,4446.0,797.0
106,2018-04-17,7419.0,1541.0
107,2018-04-18,6289.0,1089.0
108,2018-04-19,8698.0,1459.0
109,2018-04-20,11815.0,1413.0
110,2018-04-21,9522.0,991.0
111,2018-04-22,6795.0,781.0
112,2018-04-23,6313.0,841.0
113,2018-04-24,7097.0,1135.0
114,2018-04-25,7749.0,1283.0
115,2018-04-26,7955.0,1499.0
116,2018-04-27,17173.0,4025.0
117,2018-04-28,9315.0,1733.0
118,2018-04-29,7200.0,1307.0
119,2018-04-30,2587.0,498.0
120,2018-05-01,4229.0,854.0
121,2018-05-02,6503.0,1443.0
122,2018-05-03,6914.0,1331.0
123,2018-05-04,7236.0,1484.0
124,2018-05-05,5779.0,1233.0
125,2018-05-06,4317.0,801.0
126,2018-05-07,4642.0,833.0
127,2018-05-08,12193.0,2615.0
128,2018-05-09,9770.0,2053.0
129,2018-05-10,8911.0,1855.0
130,2018-05-11,6922.0,1388.0
131,2018-05-12,5239.0,968.0
132,2018-05-13,6009.0,824.0
133,2018-05-14,4761.0,867.0
134,2018-05-15,4541.0,896.0
135,2018-05-16,4873.0,976.0
136,2018-05-17,4993.0,986.0
137,2018-05-18,5090.0,1010.0
138,2018-05-19,3756.0,658.0
139,2018-05-20,3656.0,538.0
140,2018-05-21,4881.0,834.0
141,2018-05-22,5265.0,1151.0
142,2018-05-23,5441.0,1053.0
143,2018-05-24,6097.0,1189.0
144,2018-05-25,12187.0,2439.0
145,2018-05-26,8449.0,1665.0
146,2018-05-27,5087.0,934.0
147,2018-05-28,4488.0,743.0
148,2018-05-29,4645.0,775.0
149,2018-05-30,9687.0,1119.0
150,2018-05-31,3558.0,484.0
151,2018-06-01,4066.0,653.0
152,2018-06-02,5726.0,993.0
153,2018-06-03,3894.0,642.0
154,2018-06-04,6657.0,1339.0
155,2018-06-05,12813.0,2751.0
156,2018-06-06,9558.0,2031.0
157,2018-06-07,8466.0,1678.0
158,2018-06-08,6973.0,1363.0
159,2018-06-09,6491.0,1268.0
160,2018-06-10,5342.0,991.0
161,2018-06-11,5018.0,899.0
162,2018-06-12,6344.0,1399.0
163,2018-06-13,5727.0,1233.0
164,2018-06-14,6055.0,1204.0
165,2018-06-15,5816.0,1189.0
166,2018-06-16,5965.0,1278.0
167,2018-06-17,4375.0,807.0
168,2018-06-18,3972.0,701.0
169,2018-06-19,4398.0,805.0
170,2018-06-20,5232.0,1004.0
171,2018-06-21,4766.0,895.0
172,2018-06-22,4325.0,791.0
173,2018-06-23,3791.0,718.0
174,2018-06-24,3237.0,509.0
175,2018-06-25,3555.0,679.0
176,2018-06-26,4299.0,814.0
177,2018-06-27,5158.0,1087.0
178,2018-06-28,5207.0,1024.0
179,2018-06-29,5378.0,1157.0
180,2018-06-30,1868.0,444.0
181,2018-07-01,2343.0,363.0
182,2018-07-02,3828.0,605.0
183,2018-07-03,5039.0,858.0
184,2018-07-04,4537.0,815.0
185,2018-07-05,3811.0,610.0
186,2018-07-06,11751.0,2800.0
187,2018-07-07,11020.0,2398.0
188,2018-07-08,5822.0,1263.0
189,2018-07-09,5828.0,1172.0
190,2018-07-10,6642.0,1357.0
191,2018-07-11,5166.0,1082.0
192,2018-07-12,5653.0,1116.0
193,2018-07-13,7691.0,1566.0
194,2018-07-14,5259.0,1005.0
195,2018-07-15,4183.0,764.0
196,2018-07-16,3879.0,751.0
197,2018-07-17,3983.0,752.0
198,2018-07-18,4347.0,847.0
199,2018-07-19,4277.0,914.0
200,2018-07-20,4727.0,948.0
201,2018-07-21,4531.0,930.0
202,2018-07-22,3196.0,632.0
203,2018-07-23,3573.0,687.0
204,2018-07-24,4174.0,851.0
205,2018-07-25,3816.0,798.0
206,2018-07-26,4356.0,857.0
207,2018-07-27,4822.0,859.0
208,2018-07-28,5828.0,1151.0
209,2018-07-29,3976.0,636.0
210,2018-07-30,4321.0,716.0
211,2018-07-31,2471.0,566.0
212,2018-08-01,,
213,2018-08-02,,
214,2018-08-03,,
215,2018-08-04,,
216,2018-08-05,,
217,2018-08-06,,
218,2018-08-07,,
219,2018-08-08,,
220,2018-08-09,,
221,2018-08-10,,
222,2018-08-11,,
223,2018-08-12,,
224,2018-08-13,,
225,2018-08-14,,
226,2018-08-15,,
227,2018-08-16,,
228,2018-08-17,,
229,2018-08-18,,
230,2018-08-19,,
231,2018-08-20,,
232,2018-08-21,2630.0,379.0
233,2018-08-22,9496.0,1334.0
234,2018-08-23,8454.0,1319.0
235,2018-08-24,5752.0,1014.0
236,2018-08-25,4693.0,798.0
237,2018-08-26,3622.0,575.0
238,2018-08-27,3460.0,614.0
239,2018-08-28,5179.0,1035.0
240,2018-08-29,5667.0,1239.0
241,2018-08-30,5634.0,1086.0
242,2018-08-31,2221.0,448.0
243,2018-09-01,2991.0,446.0
244,2018-09-02,4313.0,668.0
245,2018-09-03,3820.0,493.0
246,2018-09-04,4270.0,613.0
247,2018-09-05,4472.0,688.0
248,2018-09-06,4377.0,738.0
249,2018-09-07,4522.0,749.0
250,2018-09-08,9837.0,771.0
251,2018-09-09,26044.0,599.0
252,2018-09-10,17717.0,1371.0
253,2018-09-11,10487.0,1120.0
254,2018-09-12,6801.0,1183.0
255,2018-09-13,7407.0,1432.0
256,2018-09-14,7604.0,1512.0
257,2018-09-15,8430.0,1385.0
258,2018-09-16,5803.0,839.0
259,2018-09-17,24225.0,5383.0
260,2018-09-18,28574.0,6271.0
261,2018-09-19,22774.0,5031.0
262,2018-09-20,8935.0,2051.0
263,2018-09-21,,
264,2018-09-22,,
265,2018-09-23,,
266,2018-09-24,,
267,2018-09-25,,
268,2018-09-26,14898.0,2611.0
269,2018-09-27,34628.0,7746.0
270,2018-09-28,47802.0,11754.0
271,2018-09-29,26074.0,5799.0
272,2018-09-30,7159.0,1531.0
273,2018-10-01,,
274,2018-10-02,,
275,2018-10-03,,
276,2018-10-04,,
277,2018-10-05,,
278,2018-10-06,,
279,2018-10-07,,
280,2018-10-08,,
281,2018-10-09,,
282,2018-10-10,,
283,2018-10-11,,
284,2018-10-12,,
285,2018-10-13,,
286,2018-10-14,,
287,2018-10-15,,
288,2018-10-16,,
289,2018-10-17,,
290,2018-10-18,,
291,2018-10-19,9079.0,675.0
292,2018-10-20,13177.0,1302.0
293,2018-10-21,13335.0,1030.0
294,2018-10-22,13499.0,1298.0
295,2018-10-23,12952.0,1506.0
296,2018-10-24,13901.0,1744.0
297,2018-10-25,13032.0,1298.0
298,2018-10-26,13012.0,1402.0
299,2018-10-27,9842.0,1015.0
300,2018-10-28,6918.0,717.0
301,2018-10-29,7634.0,760.0
302,2018-10-30,7318.0,826.0
303,2018-10-31,3505.0,583.0
304,2018-11-01,5205.0,526.0
305,2018-11-02,9407.0,1217.0
306,2018-11-03,8180.0,1091.0
307,2018-11-04,6445.0,732.0
308,2018-11-05,6325.0,830.0
309,2018-11-06,2871.0,509.0
