tweet_id,sample,date,content,hashtags,favorites,retweets,label
911,SOTU (Jan 31),31/1/2018 0:35,"Lots to watch for in tonight's # SOTU address -- reactions from FLOTUS, the # metoo movement, implications for midterms, and all the Dreamers coming as guests http://ow.ly/EqSf30i5G1M",#sotu,0,0,1
842,SOTU (Jan 31),31/1/2018 1:03,Is 007 too toxic for the # MeToo era? https://www.theguardian.com/film/2018/jan/30/times-up-for-james-bond-is-007-too-brutish-for-the-me-too-era?CMP=Share_iOSApp_Other …,,0,0,1
293,SOTU (Jan 31),31/1/2018 5:05,"jealous statement, you look great, but think about the # metoo movement of the past year by women that have been victims of sexual assault, harassment or inequality. Does this really say # timesup ? No babydoll. This says I never want women to move past men’s misogyny because it",#timesup,0,0,1
554,SOTU (Jan 31),31/1/2018 3:11,Seattleite Leah Griffin is accompanying Sen. @ PattyMurray to bring # MeToo to # SOTU.http://bit.ly/2nkIcC2,,1,0,1
581,SOTU (Jan 31),31/1/2018 3:01,Mentoring After # MeToo https://goo.gl/f1RqWg,,0,0,1
248,SOTU (Jan 31),31/1/2018 5:37,My Classic professor just made a terrible comparison with the battle of Troy and the # Metoo movement and I am very tempted to drop this class.,,0,0,1
806,SOTU (Jan 31),31/1/2018 1:17,"Diane Keaton joined Alec Baldwin, defending Woody Allen in the face of the # MeToo movement. http://glbn.ca/0dFkgV",,0,0,1
555,SOTU (Jan 31),31/1/2018 3:10,# FYI Jailbird Congressman Michael Grimm’s # METOO: I Was Bad-Touched By The FBI! http://ift.tt/2DRYvAA,#fyi,0,0,0
329,SOTU (Jan 31),31/1/2018 4:48,"Jody Allard ( @ sendvodka) wrote after # MeToo, ""my sons are part of the problem."" She and @ ProfSonoraJha join us on # KUOWrecord to discuss the next next step: teaching kids about consent.",#kuowrecord,2,0,1
49,SOTU (Jan 31),31/1/2018 7:28,"""There are only two options: make progress or make excuses."" - @ TonyRobbins # metoo # TimesUp",#timesup,2,0,1
945,SOTU (Jan 31),31/1/2018 0:21,4 documented details of corruption/injustice n Cook Co Crts see http://CookCountyJudges.wordpress.com # Resistance # metoo # p2 # GenX # millenials # AARP # BLM,"#resistance, #p2, #genx, #millenials, #aarp, #blm",0,0,1
142,SOTU (Jan 31),31/1/2018 6:30,"Getting From # MeToo And # TimesUp To Real Change: ""We have to take that solidarity moment and turn it into real action, and that's the slogging hard work of real movement building.""— @ GloriaFeldt http://bit.ly/2FwnndU # DoPowerDifferentlypic.twitter.com/X4gg7Msvx0",#timesup,10,4,1
983,SOTU (Jan 31),31/1/2018 0:07,# MeToo @ POTUS K.R.W. # Sincerely # KatherineRobinsonWhite # Epic # Hollywood # Screenplay # Ghostwriter of @ JimCameron # Titanic (1997 Film) & # Avatar Franchise et al @ TIME @ WSJ @ JayeBeri @ bbcnickrobinson @ THRMattBellonihttps://twitter.com/ABC/status/958370464090304513 …,"#sincerely, #katherinerobinsonwhite, #epic, #hollywood, #screenplay, #ghostwriter, #titanic, #avatar",0,0,0
250,SOTU (Jan 31),31/1/2018 5:36,PDDNI Gordon: Every woman I know can tell you a story about not being treated with dignity and respect. Why were people so surprised by the actions that led to the # MeToo movement? # pcevents,#pcevents,2,2,1
962,SOTU (Jan 31),31/1/2018 0:14,"Frankel and Germino committed to wearing black to Trump's State of the Union speech to send a message of solidarity to the # MeToo movement, @ CarloniBrittany reports.https://twitter.com/CarloniBrittany/status/958369391854473216 …",,1,1,1
133,SOTU (Jan 31),31/1/2018 6:39,Wow! Great acting!! Trump is taking CONTROL of our Country! Only Hollywood and Illegals are THE RESISTANCE...oh and let’s not forget # metoo Keep working for Soros and Obama,,9,1,0
104,SOTU (Jan 31),31/1/2018 6:59,"# MeToo and # TimesUp need to start directing their followers to begin interactive, positive change discussions. Here's a great thread by @ DrDebraSoh that is seeking solutions and positive dialog.https://twitter.com/DrDebraSoh/status/956945579170582532 …",#timesup,0,0,1
6,SOTU (Jan 31),31/1/2018 7:55,Stand w/ # truckers to stop # ELD that is killing American citizens & costing more than govn claimed it would save $2 Billion overreach Americans need to know about & help put end to govn corruption! # eldorme # MeToo # MAGA # farmers # Livestock # musicians # produce # Veterans # Militaryhttps://twitter.com/WhiteHouse/status/958484374349115394 …,"#truckers, #eld, #eldorme, #maga, #farmers, #livestock, #musicians, #produce, #veterans",1,1,0
422,SOTU (Jan 31),31/1/2018 4:07,"State of the Union guests include tax cut beneficiaries, # MeToo advocates and more Dreamers than ever https://thelaxreport.com/2018/01/30/state-of-the-union-guests-include-tax-cut-beneficiaries-metoo-advocates-and-more-dreamers-than-ever/ …",,0,0,1
678,SOTU (Jan 31),31/1/2018 2:16,"Grammys 2018: Artists Sound Off on Sexism, Equality, Power of White Rose - When the Grammys rolled into New York City Sunday night, it appeared the only # MeToo moment would be Kesha's rousing, star-studded performance of ""Praying"" preceded by This art... http://ow.ly/7C6q50gjb9R",,0,0,1
25519,Women's March (Jan 21),21/1/2018 2:24,Bill Maher mansplains # MeToo # WomensMarch2018 # TimesUp # SaturdayMorning https://www.huffingtonpost.com/entry/bill-maher-me-too-movement_us_5a62ed6ce4b002283002ed73?ncid=engmodushpmg00000004 … via @ HuffPostComedy,"#womensmarch2018, #timesup, #saturdaymorning",0,0,1
24436,Women's March (Jan 21),21/1/2018 7:42,Tired of politicians f-n Americans! # MeToo # DrainTheSwamp # ShumerShutdown # ReleaseTheMemo # MAGA,"#draintheswamp, #shumershutdown, #releasethememo, #maga",0,2,0
25749,Women's March (Jan 21),21/1/2018 1:18,"“When we say all, we mean ALL... ‘Me too’ is not new!” - Kristin Shrimplin with @ WomenHelpingWom # WomenMarch2018 # TimesUp # MeToo pic.twitter.com/PVbjbSleMj","#womenmarch2018, #timesup",1,0,1
24383,Women's March (Jan 21),21/1/2018 7:57,"Open up @ WhiteHouse, we're outside! # DumpTrump # WomensMarchDC @ womensmarch # MyBodyMyChoice # metoo # NoMeansNo # TimesUppic.twitter.com/7KcULkQgOB","#dumptrump, #womensmarchdc, #mybodymychoice, #nomeansno",1,0,1
23334,Women's March (Jan 21),21/1/2018 22:01,# MeToo: What to Do When You Are Harassed http://ow.ly/9MNS30hFZ8V # metoo # musicindustry # harassment # music,"#musicindustry, #harassment, #music",0,0,1
23772,Women's March (Jan 21),21/1/2018 12:38,Had a blast @ # WomensMarch2018 # marchoncolorado # hearmytruth # metoo # Resistance,"#womensmarch2018, #marchoncolorado, #hearmytruth, #resistance",0,0,1
25740,Women's March (Jan 21),21/1/2018 1:22,"In The Midst Of # MeToo, What Type Of Man Do You Want To Be? https://getpocket.com/@a4eT8AeDg3f7cpk019d608cd02p9g09908dE06j077T9f8I1em9a7S35w08Ez4e4/share/3050772 …",,0,0,1
24601,Women's March (Jan 21),21/1/2018 6:58,just fuck everything # MeToo http://www.naughtynews.network/tag/metoo/ pic.twitter.com/JysItyg7xv,,2,1,0
24063,Women's March (Jan 21),21/1/2018 10:02,YESVeto proof # DACA # CHIP NOW # IgnoreTrump # BLM # Millennials # AARP # veterans # tcot # metoo # Independent # GenX # p2 # GenZ # LGBTW # womenmatterhttps://twitter.com/megwagner/status/954818888818032640 …,"#daca, #chip, #ignoretrump, #blm, #millennials, #aarp, #veterans, #tcot, #independent, #genx, #p2, #genz, #lgbtw",1,0,1
25889,Women's March (Jan 21),21/1/2018 0:39,We can’t inspire if we are presented only as victims. # ImwithMathilde # MeToo and the Marketing of Female Narrative via @ NYTimeshttps://www.nytimes.com/2018/01/18/nyregion/metoo-and-the-marketing-of-female-narrative.html …,#imwithmathilde,0,0,1
24824,Women's March (Jan 21),21/1/2018 5:49,Wow im crying and have goosebumps # MeToo # timesup thank you for sharing your story! # WomensMarch,"#timesup, #womensmarch",1,0,1
24358,Women's March (Jan 21),21/1/2018 8:03,"TIME'S UP BEASTS Laura Kipnis for @ guardian; ""Women’s bodies are still treated as public property by men. To miss that point is to miss the political importance and the political lineage of # MeToo."" pic.twitter.com/y515DTOEVm",,0,0,1
25390,Women's March (Jan 21),21/1/2018 3:00,So glad they have beautiful weather for the protests all over the country! # TrumpShutdown # metoo https://www.nytimes.com/2018/01/20/us/womens-march.html …,#trumpshutdown,0,0,1
25201,Women's March (Jan 21),21/1/2018 3:59,Women’s rights are human rights # Resist # MeToo pic.twitter.com/IRzKOCbH9p,#resist,2,0,1
24787,Women's March (Jan 21),21/1/2018 5:59,A view of the crowd with the March for Impeachment in downtown Portland. There’s a # MeToo march starting a few blocks away at 2pm @ OPBpic.twitter.com/zBG9GHjvok,,38,14,1
24168,Women's March (Jan 21),21/1/2018 9:11,The latest DCeiver People Things! https://paper.li/dceiver/dceiver-current?edition_id=03445600-fe48-11e7-aaa3-0cc47a0d1605 … Thanks to @ imillhiser @ recordedvoice @ rebel19 # trumpshutdown # metoo,#trumpshutdown,4,2,0
23855,Women's March (Jan 21),21/1/2018 11:37,"The Latest: New Jersey's first lady tells marchers, # MeToo https://goo.gl/fb/ECQqUH # AccessNorthGA -ACCESS NORTH GA",#accessnorthga,0,0,1
23890,Women's March (Jan 21),21/1/2018 11:18,# WomensMarch2018 # timesup # metoo,"#womensmarch2018, #timesup",0,0,1
24952,Women's March (Jan 21),21/1/2018 5:14,"We march for a better, more just world. A world where no one has to say # MeToo ever again. pic.twitter.com/WA9JWRgW84",,4,1,1
24908,Women's March (Jan 21),21/1/2018 5:25,Back at it... # WomenMarch2018 # WomensMarchDC # MeToo # TimesUppic.twitter.com/CitAJdYt8Y,"#womenmarch2018, #womensmarchdc",1,2,1
267322,CBF Reveal (Sep 17),17/9/2018 20:30,Bloomberg May Run for President as a Democrat. His Views on Policing and # MeToo Could Be a Problem. https://nyti.ms/2D4RDjq,,1,1,1
267950,CBF Reveal (Sep 17),17/9/2018 13:16,# MeToo.,,1,0,0
270537,CBF Reveal (Sep 17),17/9/2018 3:35,Breaking # ImWithHer & # MeToo News: sexist Texas politicians just voted to erase # HillaryClinton & # HelenKeller from the State’s textbookshttp://abc13.com/education/hillary-clinton-removed-from-texas-school-curriculum/4260508/ …,"#imwithher, #hillaryclinton, #helenkeller",0,1,1
271105,CBF Reveal (Sep 17),17/9/2018 2:03,Kavanaugh Classmate Named in # MeToo Letter Breaks Silence https://www.westernjournal.com/kavanaugh-classmate-named-metoo-letter-breaks-silence/?utm_source=Twitter&utm_medium=PostBottomSharingButtons&utm_content=2018-09-16&utm_campaign=websitesharingbuttons …,,0,0,1
269265,CBF Reveal (Sep 17),17/9/2018 7:23,@ SenatorCollins @ lisamurkowski You let a man be the first in your party to think Ford should be heard? You are losing respect. Perhaps this no longer matters to you. # MeToo,,0,0,1
269962,CBF Reveal (Sep 17),17/9/2018 4:58,"Oh please!!!!!!! Give me a break. If it wasn’t important 30 years ago, it’s not important now. All the # metoo generation, GO TO HELL.",,0,0,0
267588,CBF Reveal (Sep 17),17/9/2018 19:04,# PostponeTheVote # StopKavanaugh # metoo # WithdrawKavanaughhttps://twitter.com/AP_Politics/status/1041626520886882304 …,"#postponethevote, #stopkavanaugh",0,0,1
268231,CBF Reveal (Sep 17),17/9/2018 11:24,@ JeffFlake I am heartened that you think the vote needs to be delayed. Attempted rape and assault is despicable and she has passed a lie detector test. He does not repspect women and has lied under oath. Not suitable for SCOTUS. # NoKavanaugh # metoo # C,#nokavanaugh,0,0,1
269382,CBF Reveal (Sep 17),17/9/2018 7:02,"Simple: Cavanaugh should withdraw until this matter is sorted out. He can always be reappointed when RBG’s time is up. For now, Amy Coney Barrett can be confirmed right away. She has already completed a difficult confirmation...with no # metoo accusations. Win/win",,0,0,0
267957,CBF Reveal (Sep 17),17/9/2018 13:11,"Yall are all desperate and pathetic... Democrats are some of the lowest who only give a damn about themselves. Lol, accusation comes DECADES right before he's to get approved. Smells like bullshit to me just like # MeToo https://twitter.com/NancyPelosi/status/1041459453474865157 …",,1,0,0
266522,CBF Reveal (Sep 17),17/9/2018 22:53,# MeToo,,2,0,0
270994,CBF Reveal (Sep 17),17/9/2018 2:25,"Triggered triggered and triggered again # ptsd # metoo 5 wealthy frat boys, and me, the middle class freshman girl on her very first day at college, f-d up in the head for life # KavaNO God bless this woman. Justice for her is some justice for me!","#ptsd, #kavano",427,58,1
271089,CBF Reveal (Sep 17),17/9/2018 2:06,Why # MeToo still fails. https://apple.news/AOuT3lfY-QhS225Z_KxHaFA …,,0,0,1
266103,CBF Reveal (Sep 17),17/9/2018 23:56,Bloomberg May Run for President as a Democrat. His Views on Policing and # MeToo Could Be a Problem. - The New York Times https://apple.news/ATjsR2UWLTrifbVK0sSSHcw …,,0,0,1
267352,CBF Reveal (Sep 17),17/9/2018 20:23,I believe Christine Blasey Ford. # metoo,,1,0,1
269266,CBF Reveal (Sep 17),17/9/2018 7:23,# metoo will support her. She’s got thousands that have her back.,,1,0,1
268292,CBF Reveal (Sep 17),17/9/2018 11:09,# MeToo,,3,0,0
267311,CBF Reveal (Sep 17),17/9/2018 20:33,"ONLY @ SenFeinstein had the information. Why hold it until July? No idea. BUT stop & think about the political & cultural climate right now. Trump, extreme partisanship, # MeToo⁠⁠. It’s a powder keg & as we saw, it took EXACTLY 1 DAY for her name to be “leaked”. # StopKavanaughpic.twitter.com/3nkKRTxF1m",,0,0,1
268092,CBF Reveal (Sep 17),17/9/2018 12:10,. @ SenatorCollins the entire country has its eye on you. This is when you make the decision on how you want to be remembered in the history books; as a coward who bent to the GOP or as a champion for all women. # Kavanaugh # MeToo # PostponeTheVote # StopKavanaughhttps://twitter.com/jimsciutto/status/1041531591795847168 …,"#kavanaugh, #postponethevote",7,2,1
267625,CBF Reveal (Sep 17),17/9/2018 18:46,# MeToo # ChristineBlaseyFord # KavaNOPEhttps://twitter.com/punkitt3n/status/1041443231240732672 …,#christineblaseyford,1,0,1
301551,Kavanaugh Testimony (Sep 27),27/9/2018 9:46,"Defending Kavanaugh, Trump laments # MeToo as ‘very dangerous’ for powerful men https://wapo.st/2R33tOc?tid=ss_tw&utm_term=.d17ab5d948c9 …",,0,0,1
302652,Kavanaugh Testimony (Sep 27),27/9/2018 5:51,"Given all that we know about sexual assault, and given the recent # metoo revelations, and given the fact that single physician molested dozens of girls and it was covered up for years, and given the systemic cover up of abuse in the Catholic church, option A seems far more likely",,0,0,1
304349,Kavanaugh Testimony (Sep 27),27/9/2018 0:44,I’m thinking that the # metoo movement has jumped the shark. This week it has done more to promote the legalization of prostitution than that sector could have ever hoped for.,,13,6,0
300312,Kavanaugh Testimony (Sep 27),27/9/2018 18:39,"Defending Kavanaugh, Trump laments # MeToo as ‘very dangerous’ for powerful men https://www.washingtonpost.com/politics/defending-kavanaugh-trump-laments-metoo-as-very-dangerous-for-powerful-men/2018/09/26/e9116536-c1a4-11e8-97a5-ab1e46bb3bc7_story.html?utm_term=.e23d5d01437c …",,0,0,1
300252,Kavanaugh Testimony (Sep 27),27/9/2018 19:10,# NotoriousRBG # MeToo # SupportWomenhttp://time.com/5407757/ruth-bader-ginsburg-metoo-kavanaugh/ …,#notoriousrbg,0,0,1
303832,Kavanaugh Testimony (Sep 27),27/9/2018 2:04,"How to set the # metoo movement back 30 years? Use less than actual sexual assault allegations as means to postpone a vote, a filibuster. This way any woman’s story is smeared with doubt. Oh but that’s ridiculous! Except this:",,0,0,0
302714,Kavanaugh Testimony (Sep 27),27/9/2018 5:37,I guess this is how President Trump interprets # MeToo https://twitter.com/lynnsweet/status/1045062582607007746 …,,1,1,1
300398,Kavanaugh Testimony (Sep 27),27/9/2018 17:33,This morning Dr Ford is preparing to bare her soul in front of the US Senate by sharing the most intimate horror of her life. She’s familiar w/the sleepless night that came before it bc it isnt her 1st. I stand with Dr. Ford & thank her for this bravery. She is not alone. # MeToo,,1,0,1
304085,Kavanaugh Testimony (Sep 27),27/9/2018 1:23,"Futhermore, you're a terrible judge of character. This is apparent because you are calling lawyers who are getting convictions ""a total low-life!"" Why? Didn't you cheat on your wife multiple times? Bitter that @ MichaelAvenatti defended one of those women you paid off? # metoo",,0,0,1
303628,Kavanaugh Testimony (Sep 27),27/9/2018 2:39,# MeToo or # MeanGirlshttps://www.dangerous.com/49605/boy-13-arrested-cuffed-and-dragged-from-school-over-metoo-allegations/ …,,0,0,0
298917,Kavanaugh Testimony (Sep 27),27/9/2018 22:30,"Brett Kavanaugh's sexual assault hearing opens, represents turning point for Supreme Court and # MeToo movement http://www.tallahassee.com/story/news/politics/2018/09/27/brett-kavanaugh-christine-ford-assault-hearing-tests-supreme-court-me-too-movement/1434845002/ …",,0,0,1
304202,Kavanaugh Testimony (Sep 27),27/9/2018 1:05,"@ DavidAFrench my experience from this past summer tells me that if # Kavanaugh had been accused of exposing himself while riding a bike through St. Louis, that would've been all right according to the # MeToo movement. https://pjmedia.com/trending/brett-",#kavanaugh,0,0,1
299645,Kavanaugh Testimony (Sep 27),27/9/2018 21:19,It’s all too much. I can’t be on twitter today. Today the @ GOP pulls the rug out from every silent victim in the United States. It’s all so vivid again. Much love to you all. # MeToo,,21,2,1
299535,Kavanaugh Testimony (Sep 27),27/9/2018 21:36,"Christine Blasey Ford will testify against Brett Kavanaugh today — and it could be a disaster for Republicans. As GOP strategist @ evansiegfried told me last week: ""Women are energized, they are angry and they are fed up. And that was before # MeToo"" http://www.newsweek.com/brett-kavanaugh-accuser-testimony-damaging-republicans-1127225 …",,10,6,1
302172,Kavanaugh Testimony (Sep 27),27/9/2018 7:41,# NowWatching @ hardball and I’m totally digging @ JillWineBanks @ TIMESUPNOW lapel pin! # metoo # IBelieveDrFord,"#nowwatching, #ibelievedrford",0,0,1
302857,Kavanaugh Testimony (Sep 27),27/9/2018 5:12,"Trance After a night of dancing, I wake up in the gutter covered in dirt with my purse and my memory missing… navigating my Rohypnol haze a broken compass Blithe Spirit, Issue 28.3, August 2018 Thank you, @ haikutec! # MeToo # survivor # poetry # haibun # haiku","#survivor, #poetry, #haibun, #haiku",2,3,1
298596,Kavanaugh Testimony (Sep 27),27/9/2018 22:48,I’m having panic attacks! # MeToo,,1,0,1
299361,Kavanaugh Testimony (Sep 27),27/9/2018 22:00,Hold strong # ChristineBlaseyFord we are with you. # StopKavanuagh # metoo # TimesUp # TimesUpKavanaugh,"#christineblaseyford, #stopkavanuagh, #timesup, #timesupkavanaugh",0,0,1
298569,Kavanaugh Testimony (Sep 27),27/9/2018 22:49,"I lived a very similar attack. There r no words to describe the trauma this holds for life. This crime must be stopped, so many live it. She is not lying. Men need 2 think w/ the right head, the brain. # MeToo # TimesUp # DoWhatsRight # ItsInOurHands","#timesup, #dowhatsright, #itsinourhands",0,0,1
299874,Kavanaugh Testimony (Sep 27),27/9/2018 20:38,Thursday’s # Philadelphia # Inquirer front page features today's 10 a.m. Kavanaugh-Ford hearing and a look at where Bill Cosby will spend in prison. Pick up a copy or subscribe and you can get the print and digital copies daily: https://checkout.philly.com/subscribe # Philly # MeToo pic.twitter.com/mEDJVlgiwZ,"#philadelphia, #inquirer, #philly",2,0,1
275474,General (all periods),13/9/2018 7:31,"The # MeToo and # BlackLivesMatter movements both came from a person or people with a desire to change society because of negative experiences. These hashtags found strength in social media to fight oppression. However, # BlackLivesMatter faced more backlash. @ KarenERiggs # OUPSM","#blacklivesmatter, #blacklivesmatter, #oupsm",5,1,1
14787,General (all periods),25/1/2018 10:52,"Because I will scream if I hear this misused again, one more reminder: a “witch hunt” is, by definition, a panic over a nonexistent or severely overstated threat. It does not apply to real threats. Sexual assault is real and pervasive. Therefore, # MeToo isn’t a witch hunt.",,4,0,1
76754,General (all periods),27/2/2018 3:24,Maybe all this # metoo stuff is creating an uptick in women’s drinking habits... https://twitter.com/adweek/status/968183885942218752 …,,0,0,0
47252,General (all periods),13/1/2018 5:23,"“A month or so ago, a friend and I mulled over when exactly the backlash to the then-peaking # MeToo moral panic would set in. Mid-January, we guessed, and sure enough,” here’s Andrew Sullivan, jumping on the train lest he get left behind. https://twitter.com/Harpers/status/951915741179252736 …",,2,1,1
169339,General (all periods),9/5/2018 16:38,Eric Schneiderman's # MeToo Hypocricy https://youtu.be/iAB-HsTy7v8 via @ YouTube,,0,0,1
221692,General (all periods),16/7/2018 5:57,# metoo,,0,0,0
49764,General (all periods),12/1/2018 4:00,I would have thought that # metoo would have showed us that no group has a monopoly on hypocrital disgusting predators.,,1,0,1
153176,General (all periods),25/5/2018 21:34,The man who pinned me down had handcuffs on today. - Rose McGowan on @ MegynTODAY # metoo,,0,0,1
319003,General (all periods),20/10/2018 5:35,Survivors don't owe us. We owe them. # MeToo https://on.nwlc.org/2CpD8Fb,,12,10,1
208058,General (all periods),3/6/2018 21:11,"@ CathyYoung63 who are the feminists you are reading who focus mostly on ""bashing men for trivial transgressions."" I read Ijeoma Oluo, Aminatou Sow, Ruth Bader Ginsburg, Chimamanda Ngozi Adichie, Lindy West, Caitlin Flanagan, and while they spoke out in s",,0,0,1
209657,General (all periods),1/6/2018 20:41,مهراب قاسمخاني(توييتر قسمت پانزدهم) # MeToo ادامه دارد...,,24,0,0
138988,General (all periods),18/4/2018 22:37,"Susan Fowler-Uber # metoo When I reported the situation, I was told by HR & upper mgmnt that this was sexual harassment & he was propositioning me, it was this man’s 1st offense, & they wouldn’t feel comfortable giving him anything other than a warning. He “was a high performer.” pic.twitter.com/Uu4KXBCXq7",,1,0,1
48794,General (all periods),12/1/2018 12:30,# MeToo James Franco Accused of Sexual Misconduct By Five Women http://jezebel.com/james-franco-accused-of-sexual-misconduct-by-five-women-1821983591?utm_medium=sharefromsite&utm_source=Jezebel_twitter … via @ jezebel,,0,0,1
92765,General (all periods),23/3/2018 3:11,Is a wolf whistle worth $100? France considers on-the-spot fines for street harassment in new legislation http://reut.rs/2HQn2Um # sexualharassment # france # MeToo # womensrights,"#sexualharassment, #france, #womensrights",2,1,1
55069,General (all periods),10/1/2018 8:46,"France, Where # MeToo Becomes # PasMoi Some notable French women are decrying a “puritanical” wave of reckoning over sexual misconduct.https://www.theatlantic.com/international/archive/2018/01/france-me-too/550124/?utm_source=twb …",#pasmoi,8,7,1
170378,General (all periods),9/5/2018 2:16,"After shocking allegations of sexual of abuse, champion of the # MeToo movement, NY AG Eric Schneiderman resigns from office. http://www.news10.com/news/local-news/four-women-accuse-new-york-attorney-general-of-abuse/1165664376 …",,1,0,1
276339,General (all periods),12/9/2018 21:22,So any woman who supports the second amendment (myself and MANY OTHERS) deserve to be spoken to this way? # MeToo # Crazy # maga # Stopthehate,"#crazy, #maga, #stopthehate",0,0,0
258327,General (all periods),19/9/2018 6:30,@ SenFeinstein Dirty Dianne wat about this accusation where are the # MeToo pink nasty hat wearing females? # biased # LiberalismIsAMentalDisease,"#biased, #liberalismisamentaldisease",0,0,0
181804,General (all periods),29/6/2018 0:24,"Russell Simmons, an 'Extra' Host and NBC News: A Sexual Assault Accuser's Story of Pain and Frustration https://www.hollywoodreporter.com/features/russell-simmons-an-extra-host-nbc-news-a-sexual-assault-accusers-story-1123824 … by @ THR # metoo https://www.hollywoodreporter.com/features/russell-simmons-an-extra-host-nbc-news-a-sexual-assault-accusers-story-1123824 …",,0,0,1
179965,General (all periods),1/5/2018 17:06,May Day # MayDay Why I Still # Resist # POTUS # LiarLiar # GOP # Traitor # DACA # LGBTQ # MeToo # Animals # Environment # GOPTaxScamBill # MedicalMarijuana # PlannedParenthood # BlackLivesMatter # MarchForOurLives # ProtectTransKids # TrumpResign # Resistance # NeverAgain # TimesUp # Tuesdaypic.twitter.com/zM05k413vs,"#mayday, #resist, #potus, #liarliar, #gop, #traitor, #daca, #lgbtq, #animals, #environment, #goptaxscambill, #medicalmarijuana, #plannedparenthood, #blacklivesmatter, #marchforourlives, #protecttranskids, #trumpresign, #resistance, #neveragain, #timesup",2,0,1
